0.0;9.41355533333;52.3335164333;5885188.92849
1000.0;9.41361713333;52.33350995;4.26057324916
2000.0;9.41362441667;52.3335180833;1.03093233401
3000.0;9.41361145;52.3335439;3.00284266922
4000.0;9.4136176;52.33351675;3.04772573215
5000.0;9.41363768333;52.3335138167;1.40304663709
-21834000.0;9.41365161667;52.333522;1.31312618821
7000.0;9.41364475;52.3335190333;0.571408872847
8000.0;9.41363015;52.3335202167;1.00071768356
9000.0;9.41362883333;52.3335226833;0.288502593424
10000.0;9.41362271667;52.3335230833;0.417983682106
11000.0;9.41362286667;52.3335228333;0.0296082425057
12000.0;9.41362506667;52.33352485;0.269500273815
13000.0;9.41362556667;52.3335232;0.18659058045
14000.0;9.41362933333;52.3335248333;0.313827515913
15000.0;9.41363121667;52.3335251667;0.133226987272
16000.0;9.4136317;52.3335257;0.0677901255354
17000.0;9.41363133333;52.3335258333;0.0289916586662
18000.0;9.41363141667;52.3335258333;0.00566226768828
19000.0;9.41363153333;52.3335258333;0.00792717483602
20000.0;9.41363166667;52.3335258833;0.0106295644947
21000.0;9.41363196667;52.3335259167;0.0207184037985
22000.0;9.41363245;52.3335259667;0.0333084386345
23000.0;9.41363288333;52.3335260333;0.0303626312946
24000.0;9.41363336667;52.3335260167;0.0328934009706
25000.0;9.41363393333;52.3335259833;0.0386814102595
26000.0;9.41363416667;52.33352605;0.017501797142
27000.0;9.41363766667;52.3335287167;0.380105353858
28000.0;9.41364973333;52.3335270667;0.840173685887
29000.0;9.41365921667;52.3335303833;0.742440862258
30000.0;9.41368126667;52.3335321833;1.51154590756
31000.0;9.41370765;52.3335402167;2.00289849696
32000.0;9.41373103333;52.3335536667;2.18199922587
33000.0;9.41374271667;52.3335768333;2.69556190713
34000.0;9.41375978333;52.3336045833;3.29636712236
35000.0;9.41377388333;52.3336273667;2.70849355414
36000.0;9.4137878;52.3336550167;3.21666702498
37000.0;9.41380993333;52.3336793;3.09074204881
38000.0;9.41382921667;52.33370755;3.40356170541
39000.0;9.41384256667;52.3337287833;2.52929231016
40000.0;9.41385456667;52.3337478167;2.26804055266
41000.0;9.41386581667;52.3337647833;2.03558286373
42000.0;9.41388656667;52.3337897667;3.11531751258
43000.0;9.41390245;52.3338210667;3.64388684957
44000.0;9.41391013333;52.33384465;2.67380775033
45000.0;9.41391288333;52.3338581667;1.51455518151
46000.0;9.41390803333;52.3338633333;0.662311122126
47000.0;9.41390735;52.33386255;0.0987048447002
48000.0;9.41390798333;52.3338609833;0.17944176603
49000.0;9.41390946667;52.3338606167;0.108721909708
50000.0;9.41390218333;52.3338717833;1.33666211125
51000.0;9.41388081667;52.3338926667;2.73860360247
52000.0;9.41383411667;52.3339081833;3.6118598523
53000.0;9.41377608333;52.3339150667;4.01676548651
54000.0;9.41369933333;52.3339094833;5.2517286146
55000.0;9.41360798333;52.3339028833;6.25016007048
56000.0;9.41350398333;52.3338946;7.12622501308
57000.0;9.41340065;52.3338871;7.0705089011
58000.0;9.4132961;52.3338806833;7.13956528079
59000.0;9.41318688333;52.33387105;7.49782081819
60000.0;9.41308665;52.3338567167;6.994527148
61000.0;9.41300018333;52.3338254333;6.82769465078
62000.0;9.41292916667;52.3337726;7.60245402233
63000.0;9.41287695;52.3337033833;8.47495020839
64000.0;9.41284718333;52.3336333167;8.04930514816
65000.0;9.41283096667;52.3335694833;7.18296050783
-21834000.0;9.41281766667;52.3335180833;5.78642257802
67000.0;9.41280591667;52.3334825167;4.03461449851
68000.0;9.41279186667;52.3334585333;2.83254838322
69000.0;9.41278606667;52.3334465167;1.39309745129
70000.0;9.41278646667;52.3334417167;0.534427203891
71000.0;9.41278166667;52.3334397833;0.390623957871
72000.0;9.41277291667;52.3334399667;0.59488865769
73000.0;9.41277278333;52.3334393833;0.0654933407095
74000.0;9.41276616667;52.33343865;0.456919980504
75000.0;9.41276031667;52.3334394333;0.406923515521
76000.0;9.41275753333;52.3334410167;0.258385482662
77000.0;9.41275285;52.3334409333;0.318354938637
78000.0;9.41275078333;52.3334420833;0.189923258763
79000.0;9.4127513;52.3334414667;0.077034493038
80000.0;9.41275178333;52.33344135;0.0353105852393
81000.0;9.41275193333;52.3334413167;0.0108451397417
82000.0;9.4127523;52.3334351833;0.682450465944
83000.0;9.41273716667;52.3334078167;3.21207076713
84000.0;9.41268055;52.3333743667;5.35103100332
85000.0;9.41259546667;52.3333658833;5.85764843478
86000.0;9.41250243333;52.3333879833;6.78223119252
87000.0;9.41239666667;52.3334311833;8.64416264864
88000.0;9.41226548333;52.3334816667;10.53388595
89000.0;9.41212538333;52.3335357833;11.2618569952
90000.0;9.4119681;52.3335921833;12.391181736
91000.0;9.41179593333;52.3336521333;13.464238149
92000.0;9.41161335;52.3337106667;14.009656016
93000.0;9.41142816667;52.3337687167;14.1417070233
94000.0;9.41123968333;52.3338230833;14.1619470545
95000.0;9.41104416667;52.3338747167;14.4722815503
96000.0;9.4108454;52.3339215333;14.4740929933
97000.0;9.41064091667;52.3339680833;14.8267950333
98000.0;9.41043915;52.3340127;14.5794013337
99000.0;9.41023096667;52.3340495833;14.7278687626
100000.0;9.41003063333;52.3340842667;14.1477188681
101000.0;9.40982781667;52.3341144667;14.1838999631
102000.0;9.40962818333;52.3341393167;13.8429286464
103000.0;9.40942531667;52.3341613167;13.999421646
104000.0;9.40921783333;52.3341817;14.2787432064
105000.0;9.40900153333;52.3342026333;14.8799485704
106000.0;9.40878901667;52.3342217833;14.5958537861
107000.0;9.4085707;52.3342446667;15.0504257816
108000.0;9.40834771667;52.3342689667;15.389903257
109000.0;9.40812996667;52.3342942;15.0589548314
110000.0;9.40791781667;52.3343154167;14.6065291936
111000.0;9.40775706667;52.3343234167;10.9584832736
112000.0;9.40755558333;52.3343200333;13.6951527638
113000.0;9.4073706;52.3343127833;12.594704154
114000.0;9.40719156667;52.3343063833;12.1853988192
115000.0;9.40701416667;52.33430165;12.0651089004
116000.0;9.40685561667;52.3342963167;10.7891531335
117000.0;9.40670683333;52.3343083667;10.1976451571
118000.0;9.40658195;52.3343481833;9.57092648959
119000.0;9.40648193333;52.3344125333;9.86820649805
120000.0;9.40641768333;52.3345033;10.9964631028
121000.0;9.40639728333;52.3346097167;11.9138986751
122000.0;9.406419;52.3347258;12.9919418127
123000.0;9.40647428333;52.3348507167;14.3890310411
124000.0;9.40656576667;52.3349788;15.5395442733
125000.0;9.40666616667;52.3350930833;14.4229492696
-21834000.0;9.40683108333;52.3351955167;15.9778136965
127000.0;9.40701626667;52.3352851333;16.0502788149
128000.0;9.40721128333;52.3353470667;14.9330765234
129000.0;9.40741956667;52.3353896667;14.9234168694
130000.0;9.40763323333;52.3354196333;14.8949374717
131000.0;9.40784733333;52.3354268667;14.5690926466
132000.0;9.40805376667;52.3354136333;14.1029447952
133000.0;9.40824768333;52.3353840333;13.580424972
134000.0;9.40842903333;52.3353332667;13.5532531583
135000.0;9.40857893333;52.3352683667;12.4824017093
136000.0;9.40869898333;52.3351924167;11.7411614608
137000.0;9.40878531667;52.3351070167;11.1617030778
138000.0;9.40883061667;52.3350201167;10.1412000716
139000.0;9.40884526667;52.3349383667;9.14452169638
140000.0;9.40883548333;52.3348615667;8.5656023327
141000.0;9.40880883333;52.3347900667;8.15403163233
142000.0;9.4087664;52.3347184667;8.4675215006
143000.0;9.40870705;52.33465185;8.43395812998
144000.0;9.40863295;52.3345856333;8.91975282137
145000.0;9.40854561667;52.3345233667;9.11863637181
146000.0;9.40844651667;52.3344538833;10.2485633273
147000.0;9.40833826667;52.3343787167;11.1335867826
148000.0;9.40821761667;52.3342975667;12.1911831942
149000.0;9.40808203333;52.3342091333;13.474497272
150000.0;9.40794025;52.3341088167;14.7388783073
151000.0;9.40779256667;52.3340027;15.4894670972
152000.0;9.40762851667;52.3338858333;17.1206595216
153000.0;9.40746098333;52.3337669667;17.4436072792
154000.0;9.40728146667;52.3336441333;18.3121464557
155000.0;9.40710146667;52.333523;18.1936736077
156000.0;9.40690645;52.33340245;18.8485317734
157000.0;9.40672013333;52.3332808833;18.5201163273
158000.0;9.4065349;52.3331617833;18.2701182548
159000.0;9.40635673333;52.3330442167;17.8172625376
160000.0;9.40616978333;52.3329231333;18.5105013578
161000.0;9.40597481667;52.3327962333;19.3548455633
162000.0;9.40577588333;52.3326649667;19.8938083602
163000.0;9.40557823333;52.3325278333;20.3195449056
164000.0;9.40538981667;52.3323947833;19.5649123606
165000.0;9.40519943333;52.3322647333;19.4027631019
166000.0;9.40501393333;52.3321336167;19.272717625
167000.0;9.40483233333;52.3320096667;18.4993669852
168000.0;9.40464518333;52.3318865833;18.6823332948
169000.0;9.40445211667;52.3317617;19.1032993775
170000.0;9.40426298333;52.3316422167;18.4845926026
171000.0;9.40406881667;52.33151675;19.2018317893
172000.0;9.40387068333;52.3313860333;19.8122666248
173000.0;9.4036604;52.3312533667;20.5375130957
174000.0;9.40344916667;52.3311143833;21.0916063684
175000.0;9.40323598333;52.3309647;22.0650999545
176000.0;9.40301428333;52.3308104833;22.8255508771
177000.0;9.40279135;52.3306578833;22.7465710857
178000.0;9.40256395;52.3305042333;23.0363171982
179000.0;9.40232403333;52.3303442167;24.1324263259
180000.0;9.40208051667;52.3301818167;24.4931239685
181000.0;9.40182518333;52.33002035;24.9679175424
182000.0;9.40156076667;52.3298593167;25.3667308919
183000.0;9.40127913333;52.3296936167;26.5657078658
184000.0;9.40099468333;52.3295243667;26.977849292
185000.0;9.40070213333;52.3293555833;27.3393194243
-21834000.0;9.40040016667;52.3291872667;27.7731518723
187000.0;9.40009073333;52.3290202333;28.0554905185
188000.0;9.39978805;52.3288600333;27.2100415329
189000.0;9.39948821667;52.3287090167;26.4030769489
190000.0;9.39917861667;52.3285587667;26.8655080837
191000.0;9.39887236667;52.32840695;26.7970647077
192000.0;9.39856308333;52.3282663333;26.1956382471
193000.0;9.39826428333;52.3281231833;25.800475797
194000.0;9.39797541667;52.3279790167;25.3440640162
195000.0;9.39769078333;52.3278362333;25.024077378
196000.0;9.39741366667;52.3277050833;23.8181683839
197000.0;9.39714266667;52.3275681;23.8990324083
198000.0;9.39688138333;52.32742865;23.5735423176
199000.0;9.39661768333;52.3272942167;23.3363355504
200000.0;9.39635311667;52.3271631833;23.1417576782
201000.0;9.39608731667;52.3270314;23.2594251569
202000.0;9.39581838333;52.3268906333;24.0626996907
203000.0;9.39554898333;52.3267500167;24.0760041235
204000.0;9.39527576667;52.3266075667;24.4056753511
205000.0;9.39500548333;52.3264639333;24.3405455656
206000.0;9.39473666667;52.3263257167;23.8733378568
207000.0;9.39446565;52.3261925833;23.6298187648
208000.0;9.39419263333;52.3260579333;23.8414995048
209000.0;9.39393606667;52.3259192167;23.27940463
210000.0;9.39368645;52.3257799167;22.9715103003
211000.0;9.39344528333;52.32564135;22.4948737797
212000.0;9.39320515;52.3255016667;22.5292212369
213000.0;9.3929635;52.3253551667;23.1314246063
214000.0;9.39272715;52.3252106167;22.723261726
215000.0;9.39249116667;52.3250615667;23.0626142985
216000.0;9.39225128333;52.3249111833;23.3536695441
217000.0;9.39201338333;52.3247573167;23.5398134998
218000.0;9.39177951667;52.3246031167;23.3796053651
219000.0;9.39154606667;52.32444495;23.6860392175
220000.0;9.39131543333;52.32428695;23.5444528038
221000.0;9.39109165;52.3241267833;23.4198507041
222000.0;9.39086273333;52.3239714167;23.2486131683
223000.0;9.39064041667;52.3238117167;23.3157684349
224000.0;9.39041701667;52.3236589667;22.7817359327
225000.0;9.39020548333;52.3234998667;22.7959295746
226000.0;9.3899925;52.3233502167;22.0550182432
227000.0;9.38977538333;52.3231817833;23.8434332826
228000.0;9.38956818333;52.3230160167;23.1960345328
229000.0;9.38935633333;52.32284855;23.5385306321
230000.0;9.38914751667;52.3226860167;22.9791391332
231000.0;9.38894728333;52.3225222;22.7376990676
232000.0;9.38874651667;52.3223609667;22.5301960026
233000.0;9.38855986667;52.3222030333;21.6639324487
234000.0;9.38837235;52.3220421167;21.9678494727
235000.0;9.38818191667;52.3218807167;22.1270382424
236000.0;9.38800006667;52.3217199167;21.7360576953
237000.0;9.3878146;52.3215549;22.2616427398
238000.0;9.38763488333;52.3213903;22.0041835456
239000.0;9.38745275;52.32122945;21.7516626735
240000.0;9.38727835;52.3210663;21.6705617305
241000.0;9.38710375;52.3209063833;21.3780534276
242000.0;9.38693765;52.3207447333;21.225834966
243000.0;9.38676851667;52.3205843333;21.2192612931
244000.0;9.38660126667;52.3204239333;21.1502110258
245000.0;9.38643506667;52.3202577333;21.6595574949
-21834000.0;9.38627453333;52.3200920167;21.4149636377
247000.0;9.38611893333;52.3199220833;21.6540139641
248000.0;9.38596005;52.31975625;21.3692767921
249000.0;9.38580591667;52.3195910667;21.1451606582
250000.0;9.38565121667;52.3194255833;21.1932456472
251000.0;9.38549898333;52.3192608833;21.0347067128
252000.0;9.38534518333;52.3190947833;21.2226489741
253000.0;9.38519721667;52.3189307167;20.8319141553
254000.0;9.38504691667;52.3187697333;20.6104985364
255000.0;9.38489723333;52.3186032333;21.1252539005
256000.0;9.38475856667;52.3184386;20.5902535689
257000.0;9.38461273333;52.3182784667;20.3791350613
258000.0;9.38446621667;52.3181159833;20.6302401468
259000.0;9.38432003333;52.3179560833;20.3680994857
260000.0;9.38418078333;52.3177949833;20.2602997195
261000.0;9.38403768333;52.3176310333;20.6629355079
262000.0;9.38388933333;52.3174731833;20.2424321097
263000.0;9.38374826667;52.3173077333;20.7460337525
264000.0;9.38360983333;52.3171439167;20.5024018663
265000.0;9.38347161667;52.3169814333;20.3640097456
266000.0;9.383333;52.3168213;20.1452516574
267000.0;9.38318618333;52.3166584167;20.6791949468
268000.0;9.38304308333;52.3164995167;20.1693597199
269000.0;9.38290276667;52.3163359667;20.5352854905
270000.0;9.3827546;52.3161740333;20.6314308797
271000.0;9.38261466667;52.3160146667;20.1121941468
272000.0;9.38246571667;52.3158494667;20.9748836567
273000.0;9.38231835;52.3156898667;20.37865285
274000.0;9.3821734;52.3155327;20.0622954437
275000.0;9.38202455;52.3153708333;20.6477727759
276000.0;9.38187861667;52.3152080333;20.6423153923
277000.0;9.38173085;52.3150444333;20.7803387058
278000.0;9.38158291667;52.3148796;20.9059640575
279000.0;9.38143486667;52.3147164167;20.7491623302
280000.0;9.3812825;52.3145536667;20.8512441018
281000.0;9.38112803333;52.3143919333;20.8248337481
282000.0;9.3809741;52.3142265833;21.1551615455
283000.0;9.38082501667;52.3140564333;21.4630427331
284000.0;9.38066436667;52.3138788167;22.5682005535
285000.0;9.38049568333;52.3136917333;23.7536889897
286000.0;9.38031616667;52.3134954667;25.0039538887
287000.0;9.38013356667;52.3132907333;25.9294628702
288000.0;9.37994788333;52.3130748333;27.1230895424
289000.0;9.37975731667;52.31285145;28.0142721208
290000.0;9.37956766667;52.3126220167;28.5843151527
291000.0;9.37937178333;52.31239045;28.9884493285
292000.0;9.37917105;52.3121560167;29.4234353585
293000.0;9.37895828333;52.3119244667;29.531722547
294000.0;9.37874465;52.3116913833;29.7092820987
295000.0;9.37853426667;52.311461;29.3394426946
296000.0;9.37833321667;52.3112385167;28.2634616414
297000.0;9.37814066667;52.3110206833;27.5326686773
298000.0;9.37795291667;52.3108037333;27.292206832
299000.0;9.37776418333;52.3105945;26.5690492964
300000.0;9.37757846667;52.3103814;26.8493313119
301000.0;9.37738976667;52.3101820833;25.6079264463
302000.0;9.3772011;52.3099823167;25.6501407451
303000.0;9.37701101667;52.3097759833;26.3321721774
304000.0;9.37681866667;52.3095783167;25.5753718182
305000.0;9.37664123333;52.3093795833;25.1760867414
-21834000.0;9.37646568333;52.309182;25.0025773559
307000.0;9.37628966667;52.3089838167;25.076372768
308000.0;9.37611081667;52.3087873;25.006784585
309000.0;9.37594648333;52.3085909667;24.5239432357
310000.0;9.37576605;52.3083917667;25.3199555614
311000.0;9.37558458333;52.3081943333;25.1826544274
312000.0;9.37541295;52.3079981667;24.73771102
313000.0;9.3752371;52.3078016333;24.9100060199
314000.0;9.37505825;52.3076120667;24.3345484511
315000.0;9.37488605;52.3074194167;24.412134512
316000.0;9.37470983333;52.3072202833;25.1759492825
317000.0;9.37453201667;52.3070267333;24.6848030784
318000.0;9.37435458333;52.3068254333;25.427292634
319000.0;9.37417998333;52.3066288833;24.8711090947
320000.0;9.37400381667;52.3064350833;24.6544293372
321000.0;9.373832;52.3062441667;24.230757559
322000.0;9.37366898333;52.3060521167;24.0598585368
323000.0;9.37350011667;52.3058617167;24.0842327555
324000.0;9.37333388333;52.3056732667;23.8083604932
325000.0;9.37316988333;52.3054826167;23.952910007
326000.0;9.37300291667;52.3052933333;23.9136314871
327000.0;9.37283623333;52.3051010167;24.2020208448
328000.0;9.37265746667;52.3049088667;24.5813546308
329000.0;9.37248431667;52.304718;24.2699255631
330000.0;9.37230688333;52.3045205167;25.0548120856
331000.0;9.3721333;52.3043238333;24.8515305694
332000.0;9.37195991667;52.3041358167;24.0011570798
333000.0;9.37178768333;52.3039443167;24.3015369291
334000.0;9.37161341667;52.3037513;24.5159886799
335000.0;9.37143801667;52.3035617167;24.2203489678
336000.0;9.37126971667;52.3033694167;24.2522631944
337000.0;9.37110075;52.30317875;24.1138728113
338000.0;9.37093246667;52.3029860333;24.2926352894
339000.0;9.37076466667;52.3027933;24.2788323902
340000.0;9.37059581667;52.30260055;24.314121709
341000.0;9.37043148333;52.3024079667;24.1542148296
342000.0;9.37026985;52.3022177833;23.832745824
343000.0;9.37010128333;52.3020287833;23.9382046777
344000.0;9.36992803333;52.3018336167;24.6927427347
345000.0;9.36975628333;52.3016369;24.796178145
346000.0;9.36958231667;52.3014419667;24.6932999903
347000.0;9.36940508333;52.3012439833;25.0974504914
348000.0;9.36922803333;52.3010453833;25.1516763605
349000.0;9.36905221667;52.30084715;25.0758217036
350000.0;9.36887366667;52.3006450333;25.5440663187
351000.0;9.36869528333;52.3004491333;24.932551341
352000.0;9.36851865;52.30025165;25.0292225379
353000.0;9.36834786667;52.3000610167;24.1701088345
354000.0;9.36817896667;52.2998705167;24.095828674
355000.0;9.36801125;52.29968515;23.5565690757
356000.0;9.36784841667;52.2994992333;23.4515256084
357000.0;9.36768308333;52.2993147333;23.3940245397
358000.0;9.36751445;52.2991352;23.0222153045
359000.0;9.3673552;52.2989569833;22.5825808451
360000.0;9.36719471667;52.2987769333;22.8017214857
361000.0;9.36704036667;52.29859705;22.5886856391
362000.0;9.36687963333;52.2984130333;23.1980058166
363000.0;9.36671676667;52.2982353;22.6547280643
364000.0;9.366553;52.29805595;22.8415148421
365000.0;9.36638968333;52.2978762667;22.8590224518
-21834000.0;9.36622993333;52.2976934;23.0537926187
367000.0;9.36606575;52.2975142167;22.839240206
368000.0;9.36590371667;52.2973325333;23.0118058703
369000.0;9.36574425;52.2971498333;23.0284317494
370000.0;9.36558223333;52.2969693167;22.8974994765
371000.0;9.36541598333;52.29679295;22.6364873427
372000.0;9.36525263333;52.2966108333;23.0971339745
373000.0;9.3650912;52.2964275167;23.1521451435
374000.0;9.36492768333;52.2962437833;23.2603641619
375000.0;9.36476151667;52.2960596833;23.3827612984
376000.0;9.36460048333;52.2958773;23.047952506
377000.0;9.3644398;52.2956939667;23.1297233577
378000.0;9.36427816667;52.2955138333;22.8477643068
379000.0;9.36411516667;52.2953264167;23.6044978902
380000.0;9.36394818333;52.2951420667;23.4340779687
381000.0;9.36378218333;52.2949530167;23.8608860519
382000.0;9.36361738333;52.2947714833;23.0882139812
383000.0;9.36345528333;52.2945940333;22.6022195385
384000.0;9.36329446667;52.2944126167;22.946575608
385000.0;9.3631384;52.2942314167;22.7730836755
386000.0;9.36298821667;52.2940527833;22.3352108879
387000.0;9.36282976667;52.29387285;22.7250136599
388000.0;9.36267506667;52.2936936167;22.5363540693
389000.0;9.36252048333;52.2935190833;22.0717708082
390000.0;9.36235293333;52.2933377833;23.1571638338
391000.0;9.36219008333;52.2931566667;22.983719089
392000.0;9.36203181667;52.2929802667;22.3739838226
393000.0;9.36187456667;52.2928025333;22.4711047127
394000.0;9.36171926667;52.2926307833;21.8237879937
395000.0;9.36156351667;52.29245955;21.7884133582
396000.0;9.36140323333;52.2922842167;22.3367709453
397000.0;9.3612405;52.2921042667;22.8664181924
398000.0;9.36107545;52.2919252333;22.8542733134
399000.0;9.36091701667;52.2917444667;22.8063473668
400000.0;9.36075498333;52.2915630333;22.988093062
401000.0;9.36058958333;52.2913812833;23.1295155648
402000.0;9.3604289;52.2911996333;22.9654490229
403000.0;9.36026111667;52.2910192;23.0814541907
404000.0;9.36009298333;52.2908389833;23.0723271404
405000.0;9.35991843333;52.2906543833;23.7123763797
406000.0;9.35973651667;52.2904859833;22.4436753404
407000.0;9.35955146667;52.2903156333;22.7421644812
408000.0;9.35936575;52.2901383333;23.4142039701
409000.0;9.35918131667;52.2899622667;23.2516708394
410000.0;9.35899113333;52.2897915167;22.9740560241
411000.0;9.35878393333;52.2896190667;23.7971397703
412000.0;9.35857875;52.2894491833;23.4860437614
413000.0;9.35837761667;52.28928375;22.9245210802
414000.0;9.35816976667;52.2891134333;23.6329265104
415000.0;9.35795743333;52.2889499;23.2213496884
416000.0;9.35774303333;52.2887847167;23.4524772207
417000.0;9.35753091667;52.2886251333;22.8698056392
418000.0;9.35731533333;52.2884653;23.0407489505
419000.0;9.35710281667;52.2883152167;22.0781114736
420000.0;9.35688845;52.2881648333;22.1858620199
421000.0;9.35666926667;52.2880199;21.9539243906
422000.0;9.35645691667;52.2878763333;21.5280978381
423000.0;9.35624801667;52.2877374167;20.9879883338
424000.0;9.35603683333;52.2876009667;20.8934486973
425000.0;9.35583588333;52.2874685667;20.0888704677
-21834000.0;9.35563248333;52.2873309333;20.6305602755
427000.0;9.35542583333;52.2871968833;20.4877934361
428000.0;9.35521921667;52.2870663167;20.2061957541
429000.0;9.35500516667;52.2869305167;20.9760384329
430000.0;9.35479188333;52.2867922667;21.1372044091
431000.0;9.35457243333;52.2866551333;21.3383862365
432000.0;9.3543542;52.28651355;21.6379228324
433000.0;9.35413373333;52.2863716833;21.765273476
434000.0;9.3539171;52.2862316333;21.4393086171
435000.0;9.3537011;52.2860922833;21.3532055319
436000.0;9.35348478333;52.2859539167;21.2889078182
437000.0;9.35326821667;52.2858141;21.4174463793
438000.0;9.3530449;52.2856693667;22.1301716174
439000.0;9.35282203333;52.2855202833;22.4637462757
440000.0;9.35259366667;52.2853740667;22.4863865588
441000.0;9.35236636667;52.2852295333;22.3010948905
442000.0;9.35214323333;52.2850827833;22.2854197467
443000.0;9.35191983333;52.2849368833;22.228737224
444000.0;9.35169618333;52.2847921833;22.1432543617
445000.0;9.35147746667;52.2846432667;22.2606282032
446000.0;9.35124881667;52.2845001333;22.2534331802
447000.0;9.35102168333;52.2843503667;22.716535481
448000.0;9.35079253333;52.2842015333;22.7344336596
449000.0;9.35056043333;52.2840595;22.3315218472
450000.0;9.35032643333;52.2839208333;22.1610391729
451000.0;9.35010065;52.28378365;21.646547415
452000.0;9.34988185;52.2836476833;21.2155458116
453000.0;9.34967268333;52.2835111667;20.8056902523
454000.0;9.34947058333;52.2833826833;19.8269565085
455000.0;9.34927013333;52.2832615167;19.1690128442
456000.0;9.34908503333;52.2831360667;18.7916890419
457000.0;9.34890735;52.2830159667;18.0120787964
458000.0;9.34872751667;52.2829016333;17.6430537083
459000.0;9.34855588333;52.2827896;17.0735000363
460000.0;9.348393;52.2826869167;15.9103073794
461000.0;9.34824648333;52.2826010667;13.8009341817
462000.0;9.34805741667;52.2825237667;15.4691524797
463000.0;9.34787646667;52.2824607167;14.1657690622
464000.0;9.34768143333;52.2824258167;13.8231813416
465000.0;9.34747728333;52.2824163167;13.9275633803
466000.0;9.34728215;52.2824398667;13.5299089137
467000.0;9.34711078333;52.2824933;13.0841439244
468000.0;9.34696538333;52.2825748667;13.419812904
469000.0;9.34685155;52.2826787833;13.9097383036
470000.0;9.34678668333;52.2827899833;13.1286297218
471000.0;9.34676116667;52.2829073833;13.1691778815
472000.0;9.3467777;52.2830266333;13.307605616
473000.0;9.34683561667;52.2831382667;13.0232790071
474000.0;9.34693073333;52.2832442833;13.4474318734
475000.0;9.34705673333;52.2833362333;13.3417031709
476000.0;9.34721211667;52.2834097833;13.3644065106
477000.0;9.34738623333;52.2834639667;13.2884577929
478000.0;9.34756331667;52.2834999833;12.6942261305
479000.0;9.3477359;52.2835122333;11.8185719522
480000.0;9.3478909;52.2835131;10.5441632677
481000.0;9.34802731667;52.28350535;9.31953883278
482000.0;9.34814001667;52.2834908333;7.83440336264
483000.0;9.34821836667;52.28347565;5.59070083311
484000.0;9.34827015;52.2834659833;3.6828629331
485000.0;9.34829641667;52.2834648833;1.79094779464
-21834000.0;9.34830301667;52.28346135;0.596595145541
487000.0;9.34830693333;52.28345915;0.361700151421
488000.0;9.3483049;52.2834578;0.204120512352
489000.0;9.34829973333;52.2834566333;0.374635604126
490000.0;9.34830008333;52.28345675;0.0271133487666
491000.0;9.34829893333;52.283456;0.114343786806
492000.0;9.34829808333;52.2834555833;0.074093123521
493000.0;9.34829688333;52.2834546;0.136451033462
494000.0;9.34829533333;52.2834558;0.170063655449
495000.0;9.34829343333;52.2834515167;0.493509694611
496000.0;9.34831106667;52.2834513667;1.19960780999
497000.0;9.34837581667;52.2834573667;4.45480333885
498000.0;9.34844328333;52.2834880667;5.71974180178
499000.0;9.34850066667;52.2835394667;6.92119198869
500000.0;9.34855173333;52.2836162333;9.2158211014
501000.0;9.34859423333;52.2837102167;10.8429822748
502000.0;9.34864668333;52.2838060333;11.2358431307
503000.0;9.34871266667;52.2839194833;13.3897620945
504000.0;9.34877903333;52.2840448333;14.651153122
505000.0;9.34886826667;52.2841771667;15.9175760051
506000.0;9.34897036667;52.2843119833;16.5215888751
507000.0;9.34909613333;52.2844469833;17.277944855
508000.0;9.34923761667;52.28459105;18.6881268368
509000.0;9.34940388333;52.28473645;19.730894926
510000.0;9.34958458333;52.2848829667;20.4085589554
511000.0;9.34978326667;52.2850261167;20.8810514091
512000.0;9.34999746667;52.2851597667;20.8121787185
513000.0;9.35021703333;52.2852927833;21.0197099161
514000.0;9.35044795;52.28542095;21.2090007744
515000.0;9.35068591667;52.2855442833;21.215209719
516000.0;9.35093441667;52.2856580167;21.1104936596
517000.0;9.35119316667;52.2857625667;21.0931895401
518000.0;9.35146098333;52.2858650667;21.4886565172
519000.0;9.35174733333;52.2859537667;21.832462322
520000.0;9.35204618333;52.2860395833;22.456134705
521000.0;9.35235603333;52.2861253833;23.1348269597
522000.0;9.35266206667;52.2862256167;23.6123249057
523000.0;9.35299011667;52.2863207333;24.6935578544
524000.0;9.35331018333;52.28642485;24.6576765067
525000.0;9.35361546667;52.2865499667;24.9949374893
526000.0;9.35391373333;52.2866887333;25.4889656003
527000.0;9.35419848333;52.2868300833;24.9433847816
528000.0;9.35446203333;52.2869986167;25.9334473859
529000.0;9.35471688333;52.2871659333;25.4287829202
530000.0;9.35495746667;52.2873401833;25.3614066424
531000.0;9.35520076667;52.2875128833;25.3501747749
532000.0;9.35543861667;52.2876872333;25.2503015627
533000.0;9.35566888333;52.2878668667;25.3826006967
534000.0;9.35589703333;52.28803945;24.6796129917
535000.0;9.35612166667;52.2882166;24.9291440632
536000.0;9.35635581667;52.2883837833;24.4791047101
537000.0;9.35658058333;52.2885552667;24.4399065416
538000.0;9.35679953333;52.2887248833;24.0311181088
539000.0;9.35703118333;52.28888905;24.1137838948
540000.0;9.35724858333;52.28904955;23.1765250228
541000.0;9.35746055;52.2892104667;22.9785426133
542000.0;9.35766508333;52.2893644833;22.0640338865
543000.0;9.35784693333;52.28949145;18.7696432622
544000.0;9.35799051667;52.2895910833;14.7685018594
545000.0;9.35810776667;52.2896657333;11.5107656335
-21834000.0;9.35821398333;52.2897285;10.044962883
547000.0;9.35831575;52.289784;9.27328136075
548000.0;9.35842203333;52.2898305333;8.88979834557
549000.0;9.35853513333;52.2898614833;8.4271632888
550000.0;9.35867516667;52.2898531333;9.56941556765
551000.0;9.35880546667;52.2898244667;9.41809118952
552000.0;9.3589275;52.2897945833;8.9404584502
553000.0;9.3590658;52.2897561167;10.3332226662
554000.0;9.35926166667;52.2896913333;15.1446721126
555000.0;9.35943368333;52.2896269833;13.7142725741
556000.0;9.35955918333;52.2895380833;13.0605665508
557000.0;9.35968943333;52.2894319333;14.75803455
558000.0;9.35980481667;52.2893219833;14.5279092524
559000.0;9.35992066667;52.2892132167;14.4346658759
560000.0;9.35999428333;52.2890621333;17.5299923904
561000.0;9.36005353333;52.2889086833;17.5322999085
562000.0;9.36010805;52.2887478333;18.2660245767
563000.0;9.3601601;52.2885731333;19.7457133826
564000.0;9.36021351667;52.2883908333;20.5938574087
565000.0;9.36027485;52.2882100167;20.5341189811
566000.0;9.36033965;52.2880286167;20.6466846306
567000.0;9.36040446667;52.28783895;21.54583665
568000.0;9.3604822;52.2876550167;21.1248109691
569000.0;9.36057478333;52.2874621167;22.3548045898
570000.0;9.36067746667;52.2872787833;21.5489918065
571000.0;9.36078613333;52.2870817833;23.1187879072
572000.0;9.36090518333;52.2868888667;22.9288495149
573000.0;9.36103311667;52.2866938167;23.369147883
574000.0;9.36116656667;52.2864957667;23.8195383072
575000.0;9.36131275;52.2863013667;23.7935699029
576000.0;9.36146311667;52.2861048167;24.1302157198
577000.0;9.36161323333;52.2859084167;24.1079217276
578000.0;9.3617675;52.2857070667;24.7261192178
579000.0;9.36192866667;52.2855083833;24.6629786468
580000.0;9.36208201667;52.2853097;24.4313028924
581000.0;9.36224306667;52.28510705;25.0554222131
582000.0;9.36240863333;52.2849030333;25.3273145867
583000.0;9.36256976667;52.2846969667;25.4001328527
584000.0;9.36272163333;52.2844905667;25.1683778516
585000.0;9.36288031667;52.2842873333;25.044055905
586000.0;9.36303328333;52.2840845667;24.8318242215
587000.0;9.36318323333;52.2838809;24.8377722095
588000.0;9.36330826667;52.2836735833;24.571514888
589000.0;9.36343263333;52.2834658667;24.597628011
590000.0;9.36355221667;52.2832587333;24.426467086
591000.0;9.36366166667;52.2830464833;24.7476331909
592000.0;9.36376175;52.282836;24.3747822536
593000.0;9.36385068333;52.2826245167;24.2815836203
594000.0;9.36393028333;52.2824138667;24.0409493768
595000.0;9.36400866667;52.282202;24.1543801231
596000.0;9.36407246667;52.2819917833;23.7745261993
597000.0;9.36414828333;52.2817830667;23.7744064234
598000.0;9.36422645;52.2815754833;23.6867822069
599000.0;9.36431033333;52.2813674667;23.8238887726
600000.0;9.36441745;52.2811658167;23.5767921915
601000.0;9.3645436;52.2809728833;23.105967959
602000.0;9.36467971667;52.2807828167;23.0739672999
603000.0;9.36484428333;52.2805992333;23.281857739
604000.0;9.36502123333;52.28041775;23.4976350598
605000.0;9.36523318333;52.2802522333;23.3801074289
-21834000.0;9.3654471;52.2800835333;23.7415619491
607000.0;9.36565856667;52.2799284167;22.4600871556
608000.0;9.36586778333;52.27977695;22.0508574881
609000.0;9.36607523333;52.2796258333;21.9436892594
610000.0;9.3662794;52.2794760333;21.6880905518
611000.0;9.36648098333;52.2793230833;21.847535928
612000.0;9.36667888333;52.2791772667;21.074990736
613000.0;9.36687248333;52.2790323667;20.810337144
614000.0;9.3670568;52.2788932333;19.9143697986
615000.0;9.36724353333;52.2787588667;19.6115811494
616000.0;9.36742241667;52.2786300667;18.794102066
617000.0;9.36759903333;52.2785066333;18.2415090762
618000.0;9.36776621667;52.27839055;17.203959474
619000.0;9.36792018333;52.27827735;16.3755202729
620000.0;9.36806885;52.2781623667;16.3023277994
621000.0;9.36816065;52.2780918833;10.0214388889
622000.0;9.36827023333;52.2780227167;10.7112773631
623000.0;9.36837095;52.2779829167;8.15693124271
624000.0;9.36847205;52.2779673667;7.09209504254
625000.0;9.36856051667;52.2779279;7.44866334768
626000.0;9.36859306667;52.2778694667;6.86448996518
627000.0;9.36856506667;52.27780395;7.53005272346
628000.0;9.36854913333;52.2777186333;9.54850975255
629000.0;9.36855401667;52.2776222833;10.7187811055
630000.0;9.36858291667;52.27752495;11.0001144241
631000.0;9.36862001667;52.2774216667;11.7586730595
632000.0;9.36864511667;52.2773117667;12.3390564383
633000.0;9.36866213333;52.2772016667;12.2971782191
634000.0;9.36868273333;52.2770922;12.2525562258
635000.0;9.36870293333;52.2769810167;12.4391715822
636000.0;9.36872038333;52.2768739;11.9698497048
637000.0;9.36873126667;52.2767695667;11.6249421249
638000.0;9.36874536667;52.2766695833;11.1589486618
639000.0;9.36875951667;52.2765676833;11.3715857301
640000.0;9.36877691667;52.2764663167;11.3334541607
641000.0;9.36878573333;52.2763681167;10.9358051667
642000.0;9.36880445;52.2762674333;11.2676617329
643000.0;9.36881898333;52.2761663167;11.2870536724
644000.0;9.3688363;52.2760645333;11.3789456745
645000.0;9.36885255;52.27596435;11.1946054892
646000.0;9.36886748333;52.2758651667;11.0753832532
647000.0;9.36888446667;52.2757597667;11.7767669737
648000.0;9.36890063333;52.2756579833;11.3711121087
649000.0;9.36891293333;52.2755622333;10.6797514717
650000.0;9.36892418333;52.27547015;10.2677678287
651000.0;9.36893931667;52.2753788667;10.2023309848
652000.0;9.36894985;52.2752927667;9.60066816085
653000.0;9.36896128333;52.2752157167;8.60281042639
654000.0;9.36896923333;52.2751414333;8.27762074411
655000.0;9.36897876667;52.2750627333;8.77504530208
656000.0;9.36899283333;52.2749890167;8.25260201066
657000.0;9.36901855;52.2749221167;7.64194007633
658000.0;9.36908573333;52.2748766667;6.81430435596
659000.0;9.36917998333;52.2748470833;7.20702940363
660000.0;9.36927846667;52.2748428167;6.71731756339
661000.0;9.3693828;52.274844;7.09978049781
662000.0;9.36949248333;52.274843;7.46338915678
663000.0;9.36960558333;52.2748392833;7.70611187482
664000.0;9.36971191667;52.2748396667;7.2347619587
665000.0;9.36981453333;52.2748355667;6.99663354649
-21834000.0;9.36990911667;52.2748362667;6.43566896351
667000.0;9.37000178333;52.2748335167;6.31220453793
668000.0;9.3700714;52.2748270333;4.79108175866
669000.0;9.37014215;52.2748065833;5.32371602558
670000.0;9.37017263333;52.2747581833;5.76763804349
671000.0;9.37018358333;52.2747159167;4.758521446
672000.0;9.37016806667;52.27466285;5.99444056538
673000.0;9.37015608333;52.2746042167;6.5705107856
674000.0;9.37014581667;52.27453685;7.52332963692
675000.0;9.37013083333;52.2744669833;7.83541906858
676000.0;9.37011195;52.2743931333;8.31164424511
677000.0;9.37009818333;52.2743229167;7.86371959041
678000.0;9.37008446667;52.2742523667;7.90011951121
679000.0;9.37007898333;52.2741824833;7.77962283202
680000.0;9.37007055;52.27411205;7.85282027106
681000.0;9.37004656667;52.2740515667;6.9205692719
682000.0;9.3700343;52.2739771667;8.31489536973
683000.0;9.37002286667;52.2739079833;7.73206722204
684000.0;9.37000961667;52.2738376833;7.86881625987
685000.0;9.37000301667;52.27376275;8.34429849234
686000.0;9.36998643333;52.27368835;8.3494915561
687000.0;9.36996738333;52.27361655;8.08832420879
688000.0;9.36994983333;52.2735438833;8.16791955785
689000.0;9.36993383333;52.2734727333;7.98606590798
690000.0;9.36992118333;52.2734140833;6.57813355182
691000.0;9.3699002;52.2733460333;7.70032495621
692000.0;9.36986668333;52.2732768167;8.02728309693
693000.0;9.36983196667;52.2732083333;7.97294162422
694000.0;9.36980351667;52.2731402667;7.81228550257
695000.0;9.36979748333;52.2730840333;6.26632205629
696000.0;9.3697833;52.2730438167;4.57483181441
697000.0;9.36977643333;52.2730156667;3.16481323656
698000.0;9.36977833333;52.2730013333;1.59902830021
699000.0;9.36978416667;52.2729793667;2.4746184928
700000.0;9.36982371667;52.2729507;4.17158788104
701000.0;9.36989393333;52.2729300333;5.30151005402
702000.0;9.36998681667;52.27292485;6.34603421221
703000.0;9.37009223333;52.27292395;7.17327684194
704000.0;9.37020463333;52.27291695;7.68723515093
705000.0;9.37032608333;52.2729084833;8.31694955283
706000.0;9.37044798333;52.2728995167;8.35382639307
707000.0;9.37058268333;52.2728842833;9.32024648185
708000.0;9.37072278333;52.2728592333;9.93107779444
709000.0;9.37086235;52.2728341833;9.89625656408
710000.0;9.37100013333;52.2728059333;9.88711655453
711000.0;9.37114011667;52.2727778667;10.0228018509
712000.0;9.37127518333;52.2727542667;9.5573338611
713000.0;9.37141166667;52.2727277333;9.74381599543
714000.0;9.37155276667;52.2727037167;9.96503233647
715000.0;9.37169563333;52.2726710333;10.3778767639
716000.0;9.371845;52.2726425667;10.6445388389
717000.0;9.37198683333;52.2726087333;10.3578193802
718000.0;9.3721282;52.2725803333;10.1238289393
719000.0;9.37227928333;52.2725567333;10.6094961183
720000.0;9.37243458333;52.2725384167;10.7612411852
721000.0;9.37258778333;52.27252635;10.5098618588
722000.0;9.37274826667;52.2725148667;10.9938336367
723000.0;9.37290128333;52.2725045833;10.4739961002
724000.0;9.37304026667;52.2725002167;9.46901112006
725000.0;9.37314926667;52.2724955167;7.43485187333
-21834000.0;9.3732341;52.2724907667;5.79625409818
727000.0;9.37329638333;52.2724740333;4.62829958944
728000.0;9.37332858333;52.2724371833;4.6464940842
729000.0;9.37333698333;52.2723924;5.01237180342
730000.0;9.37333521667;52.2723457667;5.18678317968
731000.0;9.3733373;52.2722962333;5.50967916549
732000.0;9.37333838333;52.2722429333;5.92714795432
733000.0;9.37333201667;52.2721873667;6.19389872056
734000.0;9.37326526667;52.2721675333;5.04888761692
735000.0;9.37318181667;52.2721611833;5.72179200013
736000.0;9.37310643333;52.2721712667;5.25030637688
737000.0;9.37302331667;52.2721715833;5.65548633134
738000.0;9.37294506667;52.2721814;5.43498434325
739000.0;9.37286381667;52.2721847;5.54052907969
740000.0;9.37277388333;52.2721988167;6.31731314432
741000.0;9.37268568333;52.27221;6.12873252448
742000.0;9.3725933;52.2722213333;6.41096802526
743000.0;9.37250663333;52.27222795;5.9426374302
744000.0;9.37241183333;52.27223345;6.47924630949
745000.0;9.37231803333;52.2722450333;6.51094570352
746000.0;9.37222501667;52.2722519333;6.37531177383
747000.0;9.37212081667;52.2722623833;7.18449301769
748000.0;9.37201831667;52.2722712333;7.04331649948
749000.0;9.37192075;52.2722815833;6.73757893799
750000.0;9.37182486667;52.2722849333;6.53464826327
751000.0;9.37172336667;52.2722929333;6.96324135545
752000.0;9.37161805;52.2723042667;7.27584387086
753000.0;9.37151381667;52.2723097667;7.11848291494
754000.0;9.37141256667;52.2723205333;6.99242299976
755000.0;9.37130365;52.2723240167;7.42093538056
756000.0;9.37119598333;52.2723387167;7.50590909355
757000.0;9.37110275;52.2723471;6.4118293488
758000.0;9.37102023333;52.2723565333;5.71167301353
759000.0;9.37093406667;52.27236495;5.93710620395
760000.0;9.37086126667;52.2723763833;5.11394034543
761000.0;9.37079993333;52.2723825333;4.228847053
762000.0;9.37073588333;52.2723887333;4.41222514508
763000.0;9.37066416667;52.2723948167;4.92634184829
764000.0;9.37058998333;52.2723988333;5.06723607995
765000.0;9.37052038333;52.2724056;4.7950597674
766000.0;9.37047313333;52.2724219;3.69065205761
767000.0;9.37045796667;52.2724506333;3.3575233211
768000.0;9.37046623333;52.2724859333;3.96527678441
769000.0;9.37048513333;52.2725147667;3.45440814627
770000.0;9.37048583333;52.2725460667;3.48072708247
771000.0;9.37045201667;52.2725647167;3.0975462457
772000.0;9.37041646667;52.2725715667;2.53594266365
773000.0;9.37039526667;52.2725713167;1.44273310186
774000.0;9.37038881667;52.27257155;0.43962952825
775000.0;9.37039011667;52.2725729167;0.175834382046
776000.0;9.37039126667;52.2725743333;0.175889365905
777000.0;9.37039091667;52.272574;0.0440560155625
778000.0;9.37039043333;52.2725744667;0.0614344130385
779000.0;9.37039035;52.27257285;0.179854530352
780000.0;9.37038953333;52.2725733833;0.0812687745272
781000.0;9.37038841667;52.2725718333;0.188356187183
782000.0;9.37038805;52.2725705667;0.143039395929
783000.0;9.3703864;52.2725688667;0.219856358143
784000.0;9.37038418333;52.2725671833;0.240381934745
785000.0;9.37038243333;52.2725667333;0.129157966335
-21834000.0;9.37038191667;52.2725664167;0.0497563996637
787000.0;9.3703816;52.27256625;0.02841996542
-21834000.0;0.0;0.0;5877954.30596
2803000.0;9.37005856667;52.2743920167;5878148.55395
2804000.0;9.37033106667;52.2744334333;19.1037599254
2805000.0;9.37043638333;52.2744411667;7.21694275336
2806000.0;9.37044211667;52.2744541833;1.49903156415
2807000.0;9.37047665;52.2744658167;2.68213062398
2808000.0;9.37050383333;52.27446915;1.88627157848
2809000.0;9.37051626667;52.2744753333;1.09011152031
2810000.0;9.37052253333;52.2744809667;0.757737810275
2811000.0;9.37054186667;52.2744860333;1.43097174916
2812000.0;9.37053553333;52.2744877667;0.472046957593
2813000.0;9.37051815;52.2744864333;1.19198134021
2814000.0;9.3705058;52.2744861;0.841084844261
2815000.0;9.37050128333;52.2744864167;0.309315149024
2816000.0;9.37049846667;52.2744863833;0.191675854206
2817000.0;9.37049733333;52.2744864;0.0771318588153
2818000.0;9.37049675;52.2744863667;0.0398614578805
2819000.0;9.37049628333;52.2744863667;0.031751008242
2820000.0;9.37049556667;52.2744864;0.0489011475714
2821000.0;9.37049523333;52.2744863333;0.0238600663313
2822000.0;9.37046613333;52.2744878667;1.98722980528
2823000.0;9.37043861667;52.2744960667;2.08240645035
2824000.0;9.37037945;52.2744874833;4.1371690426
2825000.0;9.37030225;52.2744815167;5.29426041105
-21834000.0;9.37028631667;52.2744702333;1.65811754641
2827000.0;9.37026526667;52.2744644333;1.57070882593
2828000.0;9.37025746667;52.2744749833;1.28756228928
2829000.0;9.37025646667;52.2744968167;2.42870909244
2830000.0;9.37024945;52.2745333333;4.08843619833
2831000.0;9.37024886667;52.2745732333;4.43685508949
2832000.0;9.37025111667;52.2746137833;4.51155224176
2833000.0;9.37025531667;52.2746553167;4.62712818196
2834000.0;9.3702547;52.2746948833;4.39981265007
2835000.0;9.37025088333;52.2747372833;4.72181076787
2836000.0;9.37025438333;52.2747744833;4.14330007934
2837000.0;9.37025516667;52.2748098833;3.93666119013
2838000.0;9.37028093333;52.27483825;3.60867128109
2839000.0;9.37032948333;52.2748728167;5.06801319808
2840000.0;9.37040841667;52.2748962833;5.97077183722
2841000.0;9.37050331667;52.2749075333;6.57679781231
2842000.0;9.37060471667;52.2749286;7.28581974309
2843000.0;9.37070925;52.2749516333;7.55926016012
2844000.0;9.37081656667;52.2749835167;8.11671597035
2845000.0;9.3709228;52.2750188;8.22397007274
2846000.0;9.37103061667;52.2750571167;8.4830896132
2847000.0;9.37113873333;52.2750912667;8.27823983187
2848000.0;9.37124948333;52.2751297833;8.6672043478
2849000.0;9.3713661;52.2751664167;8.91879773377
2850000.0;9.37148995;52.2751978;9.12037811954
2851000.0;9.37159413333;52.2752260167;7.75165590936
2852000.0;9.37169248333;52.2752490667;7.16548524407
2853000.0;9.37179653333;52.2752788167;7.81399369928
2854000.0;9.37190826667;52.2753056333;8.16586756569
2855000.0;9.37203251667;52.2753366;9.12792511677
2856000.0;9.37215853333;52.2753656333;9.16140291332
2857000.0;9.37228391667;52.2753924167;9.03556217448
2858000.0;9.3724161;52.2754185;9.449399094
2859000.0;9.37255616667;52.2754453;9.98471268222
2860000.0;9.37269243333;52.2754710667;9.70371364321
2861000.0;9.37283116667;52.2754999;9.96856056637
2862000.0;9.3729796;52.2755328833;10.7442071668
2863000.0;9.37313531667;52.2755606167;11.0340698016
2864000.0;9.37328356667;52.2755934667;10.7274135343
2865000.0;9.37343368333;52.2756287667;10.9416526933
2866000.0;9.37358408333;52.2756597667;10.7976294165
2867000.0;9.37373043333;52.27569;10.5092823859
2868000.0;9.37386025;52.2757139667;9.22550651754
2869000.0;9.37395926667;52.2757362333;7.17727972413
2870000.0;9.3740235;52.2757612667;5.18138451502
2871000.0;9.37406101667;52.2757807333;3.34673352721
2872000.0;9.37401405;52.2757926333;3.45855594282
2873000.0;9.37400566667;52.2757947667;0.617729943008
2874000.0;9.37400248333;52.2757962333;0.271116704939
2875000.0;9.37400021667;52.2757960667;0.155324189662
2876000.0;9.37400746667;52.2757813667;1.70736921709
2877000.0;9.37401951667;52.2757755833;1.04195669835
2878000.0;9.3740066;52.2757830333;1.20769790425
2879000.0;9.37394801667;52.2757715833;4.18417853182
2880000.0;9.37387796667;52.2757571833;5.02770486849
2881000.0;9.37379626667;52.2757368833;5.99937786224
2882000.0;9.37368633333;52.2757193833;7.72840904689
2883000.0;9.37357206667;52.2756974667;8.14726889792
2884000.0;9.3734399;52.2756756333;9.31406370177
2885000.0;9.37329991667;52.2756572333;9.74120204571
-21834000.0;9.37316731667;52.27562605;9.66499318145
2887000.0;9.37303168333;52.2755955833;9.83016774095
2888000.0;9.3728925;52.2755628833;10.1435967311
2889000.0;9.37274966667;52.2755332;10.2630738277
2890000.0;9.37261173333;52.2755017667;10.0142367793
2891000.0;9.37246578333;52.2754689333;10.5797951537
2892000.0;9.3723238;52.2754435833;10.0628932309
2893000.0;9.37217545;52.2754126333;10.6637975321
2894000.0;9.37202555;52.2753803167;10.813219131
2895000.0;9.37187293333;52.2753470833;11.0214817633
2896000.0;9.37172328333;52.2753137333;10.8359749379
2897000.0;9.37156663333;52.2752749667;11.4966699741
2898000.0;9.37141533333;52.27523485;11.2189087949
2899000.0;9.371268;52.27519095;11.1494778732
2900000.0;9.37112391667;52.2751451333;11.04776153
2901000.0;9.37098456667;52.2750936167;11.0771270869
2902000.0;9.37084816667;52.27504205;10.9087642828
2903000.0;9.37071641667;52.2749978167;10.2246292645
2904000.0;9.37060463333;52.2749629167;8.53827869023
2905000.0;9.37050166667;52.2749381333;7.5280938446
2906000.0;9.37040711667;52.2749247667;6.60238732805
2907000.0;9.37031041667;52.2749155833;6.65797077114
2908000.0;9.37023036667;52.2749087667;5.49887098485
2909000.0;9.37014536667;52.2748998;5.86848361329
2910000.0;9.37004485;52.2748885333;6.95267885587
2911000.0;9.36994391667;52.2748815667;6.91078228206
2912000.0;9.36983313333;52.2748821333;7.53765868773
2913000.0;9.36972475;52.2748831667;7.37500086981
2914000.0;9.36961438333;52.2748826333;7.50928045602
2915000.0;9.36950388333;52.2748812167;7.51976821034
2916000.0;9.36939861667;52.2748831333;7.16522662996
2917000.0;9.3692936;52.2748853167;7.14917003543
2918000.0;9.36920631667;52.2748913667;5.97650136206
2919000.0;9.36913828333;52.2749092;5.03567133729
2920000.0;9.36908196667;52.2749344833;4.75239169024
2921000.0;9.36902245;52.2749575667;4.79430938418
2922000.0;9.36895431667;52.2749467167;4.79002412164
2923000.0;9.36889633333;52.2749185833;5.03481551837
2924000.0;9.36884255;52.2748883333;4.97034903864
2925000.0;9.36878806667;52.2748611667;4.7818716326
2926000.0;9.36872553333;52.2748323833;5.32402234498
2927000.0;9.36865773333;52.2748008667;5.79315373077
2928000.0;9.36859148333;52.2747687833;5.7484301953
2929000.0;9.36851876667;52.2747231333;7.08827291419
2930000.0;9.36845751667;52.2746715167;7.09284013255
2931000.0;9.36841008333;52.27461325;7.23823511886
2932000.0;9.36836146667;52.2745523667;7.53479346388
2933000.0;9.36830176667;52.2744982667;7.258558948
2934000.0;9.36823671667;52.27445;6.95651210321
2935000.0;9.36818171667;52.2743989167;6.80205722204
2936000.0;9.36813433333;52.2743460333;6.70611286045
2937000.0;9.36809951667;52.2743091333;4.73781284119
2938000.0;9.36806775;52.2742795167;3.93912860249
2939000.0;9.3680268;52.27425025;4.28406523248
2940000.0;9.36798083333;52.2742274667;4.02483231773
2941000.0;9.36790643333;52.2742243167;5.07415127609
2942000.0;9.36781408333;52.2742258833;6.28574923837
2943000.0;9.36771148333;52.2742265167;6.98108215243
2944000.0;9.36761553333;52.2742092833;6.80370532214
2945000.0;9.36750943333;52.2742100667;7.21938905795
-21834000.0;9.3674029;52.2742096333;7.24850697675
2947000.0;9.36727546667;52.2742196333;8.7413578385
2948000.0;9.36715968333;52.27420835;7.97698615057
2949000.0;9.36703241667;52.27420645;8.66158503961
2950000.0;9.36690626667;52.2741983667;8.62996763308
2951000.0;9.36677851667;52.2741924833;8.71647991104
2952000.0;9.36665141667;52.2741865333;8.67294386785
2953000.0;9.36652878333;52.2741718667;8.50165780715
2954000.0;9.36640268333;52.2741564167;8.74994783236
2955000.0;9.36627851667;52.27413125;8.8995219946
2956000.0;9.36616548333;52.2740955833;8.65299363948
2957000.0;9.36604483333;52.2740553167;9.35054531899
2958000.0;9.36590296667;52.2740118333;10.7957106568
2959000.0;9.36576646667;52.2739662833;10.5786088613
2960000.0;9.36563505;52.2739177667;10.4428418417
2961000.0;9.36549231667;52.2738805167;10.5578203768
2962000.0;9.36533325;52.2738435167;11.5783333575
2963000.0;9.36516683333;52.2738090333;11.9544267426
2964000.0;9.36499761667;52.2737835833;11.8560098967
2965000.0;9.36481668333;52.2737633667;12.5140841975
2966000.0;9.36463286667;52.2737567833;12.5281054037
2967000.0;9.3644356;52.27376235;13.4360903975
2968000.0;9.36424886667;52.2737657333;12.7107149238
2969000.0;9.36406841667;52.2737816667;12.4048050045
2970000.0;9.36388123333;52.2737961167;12.8367128097
2971000.0;9.36369491667;52.2738311333;13.2612791139
2972000.0;9.36352136667;52.2738677667;12.4910030756
2973000.0;9.36333193333;52.2739099333;13.7151611853
2974000.0;9.36314291667;52.2739680333;14.3919525302
2975000.0;9.36295016667;52.2740227167;14.4554929828
2976000.0;9.36273773333;52.2740615;15.0833005164
2977000.0;9.36254006667;52.27409425;13.9332547705
2978000.0;9.36232343333;52.2741201333;15.0177654082
2979000.0;9.36213216667;52.2741202833;13.0134957254
2980000.0;9.36193843333;52.2741273;13.2043829389
2981000.0;9.36174126667;52.27414235;13.5188863378
2982000.0;9.36155528333;52.2741673;12.9545616648
2983000.0;9.36135848333;52.2742236;14.7811221761
2984000.0;9.36117696667;52.2742800333;13.8528409585
2985000.0;9.3609889;52.2743382333;14.3391429867
2986000.0;9.36080521667;52.2743956333;14.0329568957
2987000.0;9.36062631667;52.27444525;13.3639839425
2988000.0;9.36044681667;52.2744858167;13.0192155256
2989000.0;9.36025196667;52.2745149;13.6459129886
2990000.0;9.36005111667;52.2745390833;13.9274576222
2991000.0;9.35985861667;52.27454365;13.107114648
2992000.0;9.35966943333;52.2745342167;12.9142862362
2993000.0;9.35948631667;52.27452615;12.491103463
2994000.0;9.35930368333;52.27452475;12.4269480227
2995000.0;9.35911188333;52.2745334167;13.0851866597
2996000.0;9.358907;52.2745303833;13.9438922727
2997000.0;9.35869278333;52.2745107667;14.7371566352
2998000.0;9.35847656667;52.2744859667;14.9671530442
2999000.0;9.35825883333;52.2744510667;15.313980038
3000000.0;9.35804075;52.2744081333;15.5870268711
3001000.0;9.35782863333;52.2743595;15.4119020746
3002000.0;9.35762776667;52.2743195167;14.371569178
3003000.0;9.35743421667;52.2742851667;13.7115220646
3004000.0;9.35724536667;52.2742647833;13.0473862183
3005000.0;9.35706021667;52.2742503833;12.6986324249
-21834000.0;9.35689211667;52.2742581333;11.4696462502
3007000.0;9.35672848333;52.2742811167;11.4228731185
3008000.0;9.35658406667;52.2743429833;11.9946394953
3009000.0;9.35646591667;52.2744238;12.0571986517
3010000.0;9.35637593333;52.2745205833;12.3813952556
3011000.0;9.35630088333;52.2746299167;13.1861231061
3012000.0;9.35624511667;52.2747491167;13.7868132946
3013000.0;9.35619908333;52.2748805333;14.9447386355
3014000.0;9.35614413333;52.2750243333;16.4210876992
3015000.0;9.35608453333;52.2751771833;17.4731783981
3016000.0;9.35601755;52.27533155;17.7594828212
3017000.0;9.35594063333;52.2754925167;18.648012034
3018000.0;9.35585836667;52.27565115;18.5059399058
3019000.0;9.35577101667;52.2758126833;18.9193223272
3020000.0;9.35567305;52.27597815;19.5691210705
3021000.0;9.35556466667;52.2761471833;20.1903681307
3022000.0;9.35544411667;52.2763174667;20.6346223582
3023000.0;9.35531416667;52.2764850333;20.6237282218
3024000.0;9.35517468333;52.2766514167;20.792807264
3025000.0;9.35503351667;52.2768113667;20.2130926579
3026000.0;9.3548835;52.2769672;20.110272748
3027000.0;9.35473553333;52.2771150167;19.2742556665
3028000.0;9.3545908;52.2772571333;18.6194059782
3029000.0;9.35445733333;52.2773798667;16.392060026
3030000.0;9.3543192;52.2774958833;15.960521325
3031000.0;9.35417448333;52.2775968667;14.9338968125
3032000.0;9.35403721667;52.2776893333;13.8898024846
3033000.0;9.35390138333;52.2777717333;13.0134270356
3034000.0;9.35379246667;52.2778450167;11.0140158147
3035000.0;9.35370068333;52.2779106333;9.6034353957
3036000.0;9.3536271;52.2779615833;7.56023968507
3037000.0;9.353563;52.2780031;6.35050003115
3038000.0;9.35350731667;52.2780376;5.39144125683
3039000.0;9.35347083333;52.2780661333;4.02827311641
3040000.0;9.35345176667;52.2780820667;2.19580074376
3041000.0;9.35344761667;52.2780887833;0.79844309734
3042000.0;9.35345266667;52.27809375;0.650412061938
3043000.0;9.3534559;52.2780958833;0.323509959464
3044000.0;9.35343791667;52.2781109333;2.07301045762
3045000.0;9.35339178333;52.2781438667;4.82295779759
3046000.0;9.35333966667;52.2781812667;5.46498647813
3047000.0;9.35326693333;52.2782186167;6.46012722071
3048000.0;9.35316476667;52.2782367167;7.23614101278
3049000.0;9.35305061667;52.2782256333;7.86304834628
3050000.0;9.35294883333;52.2781882167;8.07832791132
3051000.0;9.35287321667;52.2781367333;7.69652990799
3052000.0;9.35280383333;52.2780820167;7.70058407691
3053000.0;9.35273201667;52.2780261167;7.90618450943
3054000.0;9.35266188333;52.2779785;7.12740570762
3055000.0;9.35259526667;52.2779513333;5.44657161798
3056000.0;9.35253693333;52.27794895;3.97740465719
3057000.0;9.35249221667;52.27796315;3.42754322128
3058000.0;9.35246201667;52.2779915667;3.76902834945
3059000.0;9.35245341667;52.2780231167;3.55665355497
3060000.0;9.35245806667;52.2780534;3.38218039487
3061000.0;9.35247731667;52.2780814167;3.37939002746
3062000.0;9.35251398333;52.27810125;3.32960437509
3063000.0;9.35256198333;52.2781034333;3.27456363181
3064000.0;9.35259191667;52.2780979333;2.12628435083
3065000.0;9.35259323333;52.2780931833;0.535717860827
-21834000.0;9.35258531667;52.2780950667;0.577870224315
3067000.0;9.35258403333;52.27809425;0.125972316552
3068000.0;9.35258591667;52.2780959167;0.225304201092
3069000.0;9.35258641667;52.2780968;0.103945645892
3070000.0;9.35258581667;52.2780971667;0.057693469355
3071000.0;9.35258585;52.27809585;0.146424215573
3072000.0;9.35258811667;52.2780938;0.275210290328
3073000.0;9.35259065;52.2780916833;0.291718336749
3074000.0;9.35259028333;52.2780920333;0.0462265151589
3075000.0;9.3525899;52.2780926667;0.0750971397685
3076000.0;9.35258986667;52.2780923;0.0408344915713
3077000.0;9.35259071667;52.2780913667;0.118805335736
3078000.0;9.35259105;52.2780914333;0.0238583129889
3079000.0;9.35259071667;52.2780914;0.0229783533995
3080000.0;9.35259076667;52.2780913833;0.0038736972542
3081000.0;9.35259081667;52.2780913833;0.00340161696845
3082000.0;9.35259076667;52.2780913833;0.00340161696845
3083000.0;9.35259076667;52.2780913667;0.00185324893075
3084000.0;9.35259073333;52.2780913667;0.00226774476734
3085000.0;9.35259073333;52.2780913667;0.0
3086000.0;9.35259073333;52.27809135;0.00185324893075
3087000.0;9.35259076667;52.2780913333;0.00292868485953
3088000.0;9.35259181667;52.2780913167;0.071457993988
3089000.0;9.35259155;52.2780912833;0.0185167155553
3090000.0;9.35259156667;52.2780912833;0.00113387232538
3091000.0;9.35259136667;52.2780912833;0.0136064681462
3092000.0;9.35259136667;52.2780912667;0.00185324893075
3093000.0;9.35259138333;52.27809125;0.002172601004
3094000.0;9.35259148333;52.2780912167;0.00774739442363
3095000.0;9.35259153333;52.2780911833;0.00503081755933
3096000.0;9.35259165;52.2780911667;0.00815059438803
3097000.0;9.35259168333;52.2780911333;0.00434520335879
3098000.0;9.35259183333;52.2780911167;0.0103717655077
3099000.0;9.35259186667;52.2780911;0.00292868527516
3100000.0;9.35259195;52.2780911;0.00566936189204
3101000.0;9.35259196667;52.2780910833;0.00217260100622
3102000.0;9.35259196667;52.2780910833;0.0
3103000.0;9.35259198333;52.27809105;0.00387605377415
3104000.0;9.35259198333;52.2780910167;0.0037064978615
3105000.0;9.35259198333;52.2780910167;0.0
3106000.0;9.35259198333;52.2780909833;0.00370649707141
3107000.0;9.35259201667;52.2780909167;0.00775210755005
3108000.0;9.35259226667;52.2780908167;0.0203203857154
3109000.0;9.35259233333;52.2780907667;0.00717505743187
3110000.0;9.35259233333;52.2780907;0.0074129949329
3111000.0;9.35259233333;52.2780906667;0.0037064978615
3112000.0;9.35259235;52.2780906333;0.00387605302174
3113000.0;9.35259241667;52.2780906167;0.00489950982352
3114000.0;9.35259243333;52.2780905833;0.00387605377764
3115000.0;9.35259243333;52.2780905667;0.00185324814066
3116000.0;9.35259243333;52.2780905667;0.0
3117000.0;9.35259243333;52.27809055;0.00185324893075
3118000.0;9.35259243333;52.2780905167;0.0037064978615
3119000.0;9.35259243333;52.2780905167;0.0
3120000.0;9.35259243333;52.2780904833;0.00370649707141
3121000.0;9.35259243333;52.2780904667;0.00185324893075
3122000.0;9.3525924;52.2780904167;0.00600445254709
3123000.0;9.35259236667;52.2780903667;0.00600445186212
3124000.0;9.35259231667;52.2780903333;0.00503081760344
3125000.0;9.3525923;52.2780902833;0.00567419087759
-21834000.0;9.35259228333;52.2780902333;0.005674191652
3127000.0;9.35259226667;52.2780902;0.00387605302499
3128000.0;9.35259225;52.2780901667;0.00387605378076
3129000.0;9.35259228333;52.2780901167;0.00600445182131
3130000.0;9.35259226667;52.2780901167;0.00113387235523
3131000.0;9.35259226667;52.2780900833;0.0037064978615
3132000.0;9.35259226667;52.2780900667;0.00185324893075
3133000.0;9.35259226667;52.2780900333;0.00370649707141
3134000.0;9.35259226667;52.2780900167;0.00185324893075
3135000.0;9.35259228333;52.2780899833;0.00387605378213
3136000.0;9.3525923;52.2780899667;0.00217260102113
3137000.0;9.3525923;52.2780899167;0.00555974679224
3138000.0;9.35259233333;52.2780899167;0.00226774484153
3139000.0;9.35259235;52.2780898833;0.00387605302736
3140000.0;9.35259235;52.2780898667;0.00185324893075
3141000.0;9.35259236667;52.2780898667;0.00113387236162
3142000.0;9.35259233333;52.27808985;0.00292868532469
3143000.0;9.35259233333;52.2780898333;0.00185324893075
3144000.0;9.35259233333;52.2780898333;0.0
3145000.0;9.35259231667;52.2780898333;0.00113387248332
3146000.0;9.3525923;52.2780898333;0.00113387236247
3147000.0;9.35259231667;52.2780898333;0.00113387236247
3148000.0;9.35259236667;52.2780898333;0.00340161720827
3149000.0;9.35259238333;52.2780898333;0.00113387236247
3150000.0;9.35259241667;52.2780898167;0.00292868541959
3151000.0;9.35259243333;52.2780897833;0.0038760530281
3152000.0;9.35259245;52.2780897667;0.00217260169775
3153000.0;9.35259246667;52.27808975;0.00217260176105
3154000.0;9.35259246667;52.2780897167;0.0037064978615
3155000.0;9.35259243333;52.2780896833;0.00434520278663
3156000.0;9.35259245;52.27808965;0.00387605378463
3157000.0;9.35259243333;52.27808965;0.00113387236717
3158000.0;9.35259245;52.2780896333;0.00217260169953
3159000.0;9.35259246667;52.2780896167;0.00217260108888
3160000.0;9.35259246667;52.2780896167;0.0
3161000.0;9.35259251667;52.2780895833;0.00503081756065
3162000.0;9.35259248333;52.2780895833;0.00226774473774
3163000.0;9.35259251667;52.27808955;0.00434520340107
3164000.0;9.35259251667;52.2780895333;0.00185324814066
3165000.0;9.35259251667;52.2780895;0.0037064978615
3166000.0;9.35259258333;52.2780894833;0.00489950993089
3167000.0;9.35259263333;52.2780894667;0.00387369738339
3168000.0;9.35259265;52.2780894667;0.00113387237186
3169000.0;9.35259268333;52.2780894167;0.00600445183484
3170000.0;9.35259273333;52.2780894;0.00387369738788
3171000.0;9.3525928;52.2780893667;0.00585737028063
3172000.0;9.35259286667;52.2780893667;0.00453548961851
3173000.0;9.35259293333;52.2780893333;0.00585737078324
3174000.0;9.35259296667;52.2780893167;0.00292868534582
3175000.0;9.35259298333;52.2780893167;0.00113387237569
3176000.0;9.35259303333;52.2780893167;0.00340161724793
3177000.0;9.35259306667;52.2780893333;0.0029286854394
3178000.0;9.35259306667;52.2780893333;0.0
3179000.0;9.35259308333;52.2780893333;0.00113387237527
3180000.0;9.35259313333;52.2780893167;0.00387369728737
3181000.0;9.35259316667;52.2780892833;0.00434520279731
3182000.0;9.35259318333;52.2780892667;0.00217260170443
3183000.0;9.35259316667;52.27808925;0.00217260170465
3184000.0;9.35259321667;52.2780892167;0.00503081766139
3185000.0;9.35259323333;52.2780892;0.00217260170532
-21834000.0;9.35259325;52.2780891833;0.00217260103159
3187000.0;9.35259326667;52.2780891833;0.0011338723791
3188000.0;9.3525933;52.2780891833;0.00226774487906
3189000.0;9.3525933;52.2780891833;0.0
3190000.0;9.3525933;52.2780891833;0.0
3191000.0;9.35259328333;52.2780891667;0.00217260176884
3192000.0;9.35259328333;52.2780891667;0.0
3193000.0;9.3525933;52.2780891667;0.00113387250038
3194000.0;9.35259331667;52.2780891667;0.00113387237953
3195000.0;9.35259331667;52.27808915;0.00185324893075
3196000.0;9.35259333333;52.2780891333;0.00217260170621
3197000.0;9.35259333333;52.2780891167;0.00185324893075
3198000.0;9.35259336667;52.2780891167;0.00226774488247
3199000.0;9.35259336667;52.2780891167;0.0
3200000.0;9.35259336667;52.2780890833;0.00370649707141
3201000.0;9.35259335;52.2780890833;0.00113387250251
3202000.0;9.35259336667;52.2780890833;0.00113387250251
3203000.0;9.35259336667;52.2780891;0.00185324893075
3204000.0;9.35259335;52.2780891167;0.00217260109578
3205000.0;9.35259336667;52.2780891167;0.00113387250166
3206000.0;9.35259336667;52.2780891167;0.0
3207000.0;9.3525934;52.2780891167;0.00226774476162
3208000.0;9.35259341667;52.2780891167;0.00113387238081
3209000.0;9.35259343333;52.2780891333;0.00217260170643
3210000.0;9.35259343333;52.27808915;0.00185324893075
3211000.0;9.35259341667;52.27808915;0.00113387237996
3212000.0;9.35259343333;52.2780891667;0.00217260170599
3213000.0;9.35259353333;52.2780891667;0.00680323451889
3214000.0;9.35259358333;52.2780891667;0.00340161725944
3215000.0;9.35259356667;52.2780891667;0.00113387250038
3216000.0;9.35259356667;52.2780891667;0.0
3217000.0;9.35259361667;52.2780891333;0.00503081766572
3218000.0;9.35259363333;52.2780891167;0.00217260170643
3219000.0;9.35259365;52.2780891167;0.00113387238081
3220000.0;9.35259366667;52.2780890833;0.0038760530687
3221000.0;9.35259375;52.2780890333;0.00794055730084
3222000.0;9.35259386667;52.2780889667;0.0108604861009
3223000.0;9.35259388333;52.27808895;0.00217260177173
3224000.0;9.3525939;52.2780889167;0.00387605303459
3225000.0;9.35259391667;52.2780888833;0.00387605379037
3226000.0;9.35259396667;52.2780888667;0.00387369742383
3227000.0;9.352594;52.2780888667;0.00226774477441
3228000.0;9.35259403333;52.2780888333;0.00434520280933
3229000.0;9.35259406667;52.2780888167;0.00292868536563
3230000.0;9.35259408333;52.2780888167;0.00113387238849
3231000.0;9.35259408333;52.2780887833;0.0037064978615
3232000.0;9.35259408333;52.2780887667;0.00185324814066
3233000.0;9.35259406667;52.2780887667;0.00113387238977
3234000.0;9.35259406667;52.2780887333;0.0037064978615
3235000.0;9.35259408333;52.2780887333;0.00113387239062
3236000.0;9.35259408333;52.2780887333;0.0
3237000.0;9.35259408333;52.2780887333;0.0
3238000.0;9.3525941;52.2780887333;0.00113387239062
3239000.0;9.3525941;52.27808875;0.00185324893075
3240000.0;9.35259413333;52.2780887333;0.00292868546251
3241000.0;9.35259416667;52.2780887167;0.00292868536959
3242000.0;9.3525942;52.2780887333;0.00292868546317
3243000.0;9.35259421667;52.2780887;0.00387605379174
3244000.0;9.35259423333;52.2780886667;0.00387605303646
3245000.0;9.35259425;52.2780886667;0.00113387239232
-21834000.0;9.35259426667;52.2780886667;0.00113387251317
3247000.0;9.35259428333;52.2780886667;0.00113387239232
3248000.0;9.35259426667;52.2780886333;0.00387605379224
3249000.0;9.35259425;52.2780886333;0.00113387251403
3250000.0;9.35259423333;52.2780886167;0.00217260171311
3251000.0;9.3525942;52.2780886167;0.00226774478721
3252000.0;9.35259418333;52.2780886167;0.0011338723936
3253000.0;9.35259418333;52.2780886167;0.0
3254000.0;9.35259413333;52.2780886167;0.00340161730166
3255000.0;9.35259413333;52.2780886167;0.0
3256000.0;9.3525941;52.2780886167;0.00226774490806
3257000.0;9.3525941;52.2780886;0.00185324893075
3258000.0;9.3525941;52.2780886167;0.00185324893075
3259000.0;9.35259411667;52.2780885667;0.00567419091051
3260000.0;9.35259413333;52.2780885333;0.00387605379299
3261000.0;9.35259413333;52.27808855;0.00185324893075
3262000.0;9.35259411667;52.2780885667;0.002172601714
3263000.0;9.35259413333;52.2780885667;0.00113387239488
3264000.0;9.35259411667;52.2780885667;0.00113387239488
3265000.0;9.35259413333;52.2780885667;0.00113387239488
3266000.0;9.35259683333;52.2780899667;0.240780161181
3267000.0;9.35259665;52.2780893667;0.0678728065767
3268000.0;9.35259675;52.2780906167;0.139160055146
3269000.0;9.3525965;52.2780913667;0.0851128678288
3270000.0;9.35259716667;52.2780900667;0.151501661033
3271000.0;9.35259853333;52.2780901167;0.093143614195
3272000.0;9.35259913333;52.27809015;0.0409873395754
3273000.0;9.35259926667;52.2780901167;0.00979901944134
3274000.0;9.35260013333;52.2780899333;0.0623860617026
3275000.0;9.35260143333;52.27809035;0.0998427631561
3276000.0;9.35260231667;52.2780892833;0.132963440338
3277000.0;9.35260366667;52.2780888167;0.105489009824
3278000.0;9.35260373333;52.2780887333;0.0103166827018
3279000.0;9.35260398333;52.2780886833;0.0178937358215
3280000.0;9.35260403333;52.2780886;0.00987088018337
3281000.0;9.35260408333;52.2780885833;0.00387369695881
3282000.0;9.35260411667;52.2780886;0.00292868496849
3283000.0;9.35260413333;52.2780886333;0.00387605379249
3284000.0;9.35260413333;52.2780886333;0.0
3285000.0;9.3526041;52.2780886667;0.00434520342555
3286000.0;9.35260411667;52.2780886667;0.00113387239232
3287000.0;9.3526041;52.2780886833;0.00217260103849
3288000.0;9.35260406667;52.2780886667;0.00292868496519
3289000.0;9.35260403333;52.2780886333;0.00434520342555
3290000.0;9.35260401667;52.2780886167;0.00217260171311
3291000.0;9.35260398333;52.2780886333;0.00292868546713
3292000.0;9.35260396667;52.2780886333;0.00113387239318
3293000.0;9.35260395;52.27808865;0.00217260171289
3294000.0;9.35260398333;52.2780886667;0.00292868537224
3295000.0;9.35260395;52.2780886667;0.00226774478465
3296000.0;9.35260393333;52.2780886833;0.00217260110156
3297000.0;9.35260391667;52.2780886667;0.00217260103849
3298000.0;9.35260393333;52.2780886667;0.00113387239232
3299000.0;9.35260396667;52.2780886333;0.00434520348862
3300000.0;9.35260398333;52.2780886167;0.00217260171311
3301000.0;9.35260398333;52.2780886167;0.0
-21834000.0;0.0;0.0;5878308.65018
3304000.0;9.35260396667;52.2780885833;5878308.64632
-21834000.0;9.35260395;52.2780885833;0.00113387239446
3307000.0;9.35260395;52.2780885667;0.00185324893075
3308000.0;9.35260393333;52.2780885667;0.00113387251573
3309000.0;9.35260393333;52.2780885333;0.0037064978615
3310000.0;9.35260391667;52.2780885333;0.00113387239573
3311000.0;9.35260393333;52.2780885333;0.00113387239573
3312000.0;9.35260395;52.2780885333;0.00113387251658
3313000.0;9.35260396667;52.2780885333;0.00113387239573
3314000.0;9.35260398333;52.2780885167;0.00217260171445
3315000.0;9.352604;52.2780885167;0.00113387239616
3316000.0;9.35260401667;52.2780885167;0.00113387251701
3317000.0;9.35260401667;52.2780885167;0.0
3318000.0;9.35260401667;52.2780885167;0.0
3319000.0;9.35260403333;52.2780885333;0.00217260171445
3320000.0;9.35260403333;52.2780885333;0.0
3321000.0;9.35260403333;52.2780885333;0.0
3322000.0;9.35260406667;52.2780885333;0.00226774479147
3323000.0;9.3526041;52.2780885333;0.00226774491232
3324000.0;9.35260411667;52.2780885333;0.00113387239573
3325000.0;9.35260411667;52.2780885333;0.0
3326000.0;9.3526041;52.2780885333;0.00113387239573
3327000.0;9.35260408333;52.2780885333;0.00113387251658
3328000.0;9.35260406667;52.2780885333;0.00113387239573
3329000.0;9.35260405;52.2780885333;0.00113387239573
3330000.0;9.35260406667;52.2780885333;0.00113387239573
3331000.0;9.35260406667;52.2780885167;0.00185324893075
3332000.0;9.35260405;52.2780885333;0.00217260171445
3333000.0;9.35260401667;52.2780885167;0.00292868537752
3334000.0;9.35260398333;52.2780885167;0.00226774491317
3335000.0;9.35260401667;52.2780885;0.00292868497179
3336000.0;9.35260403333;52.2780884833;0.00217260171489
3337000.0;9.35260405;52.2780884833;0.00113387239701
3338000.0;9.35260403333;52.2780884667;0.00217260171511
3339000.0;9.35260403333;52.2780884667;0.0
3340000.0;9.35260406667;52.2780884667;0.00226774479488
3341000.0;9.35260408333;52.2780884667;0.00113387239744
3342000.0;9.35260408333;52.2780884667;0.0
3343000.0;9.3526041;52.27808845;0.00217260177841
3344000.0;9.35260411667;52.2780884333;0.00217260171556
3345000.0;9.35260416667;52.2780884;0.00503081712167
3346000.0;9.35260416667;52.2780883833;0.00185324893075
3347000.0;9.35260418333;52.2780883833;0.00113387239957
3348000.0;9.35260423333;52.2780883667;0.0038736973514
3349000.0;9.35260426667;52.2780883833;0.00292868547704
3350000.0;9.35260428333;52.2780883833;0.00113387239957
3351000.0;9.35260426667;52.2780884;0.00217260171623
3352000.0;9.35260425;52.2780883833;0.00217260171623
3353000.0;9.35260426667;52.2780883833;0.00113387239957
3354000.0;9.35260423333;52.2780883667;0.00292868547704
3355000.0;9.3526042;52.2780883667;0.0022677448
3356000.0;9.3526042;52.2780883667;0.0
3357000.0;9.3526042;52.2780883333;0.00370649707141
3358000.0;9.3526042;52.2780883333;0.0
3359000.0;9.35260418333;52.2780883333;0.00113387240085
3360000.0;9.35260416667;52.2780883333;0.00113387240085
3361000.0;9.35260413333;52.2780883333;0.00226774492255
3362000.0;9.35260418333;52.2780883667;0.00503081712513
3363000.0;9.35260418333;52.2780883833;0.00185324893075
3364000.0;9.35260418333;52.2780884167;0.0037064978615
3365000.0;9.35260421667;52.2780884167;0.00226774479744
-21834000.0;9.3526042;52.2780884167;0.00113387239872
